title,year,fuel,transmission,Registered In,Color,Assembly,Engine Capacity,Body Type,Last Updated,Ad Ref #,price,mileage,engine_capacity
Toyota Raize  2020 Z for Sale,2020,Petrol,Automatic,Un-Registered,Black Mica Metallic,Imported,1000 cc,Crossover,"Nov 20, 2025",10848041,6200000.0,48000,1000.0
Toyota Estima  2010 Hybrid for Sale,2010,Hybrid,Automatic,Sindh,Black,Imported,2400 cc,Mini Van,"Nov 20, 2025",10709875,4675000.0,90000,2400.0
Honda Vezel  2014 Hybrid X for Sale,2014,Hybrid,Automatic,Karachi,Black,Imported,1500 cc,Crossover,"Nov 20, 2025",10686699,3950000.0,79000,1500.0
Honda Civic  2018 Oriel 1.8 i-VTEC CVT for Sale,2018,Petrol,Automatic,Sindh,Lunar Silver Metallic,Local,1800 cc,Sedan,"Nov 20, 2025",10795768,4650000.0,71000,1800.0
Toyota Corolla  2022 Altis Grande X CVT-i 1.8 Black Interior for Sale,2022,Petrol,Automatic,Karachi,Black,Local,1800 cc,Sedan,"Nov 20, 2025",10847931,6600000.0,24000,1800.0
BMW 7 Series  2004 735i for Sale,2004,Petrol,Automatic,Un-Registered,White,Imported,3600 cc,Sedan,"Nov 20, 2025",10713522,3800000.0,100000,3600.0
Suzuki Swift  2015 DLX Automatic 1.3 for Sale,2015,Petrol,Automatic,Karachi,Maroon,Local,1300 cc,Hatchback,"Nov 20, 2025",10847934,2375000.0,111000,1300.0
Toyota Prado  2012 TX 2.7 for Sale,2012,Petrol,Automatic,Sindh,Super White,Imported,2700 cc,SUV,"Nov 20, 2025",10506892,1.0,125000,2700.0
Honda Civic  2019 Oriel 1.8 i-VTEC CVT for Sale,2019,Petrol,Automatic,Karachi,Modern Steel Metallic,Local,1800 cc,Sedan,"Nov 20, 2025",10847905,5390000.0,50000,1800.0
Changan Oshan X7  2022 FutureSense for Sale,2022,Petrol,Automatic,Karachi,Stellar White,Local,1500 cc,Compact SUV,"Nov 20, 2025",10847898,7100000.0,22000,1500.0
Honda Civic Rebirth 2013 Oriel Prosmatec UG for Sale,2013,Petrol,Automatic,Karachi,Modern Steel Metallic,Local,1800 cc,Sedan,"Nov 20, 2025",10847848,3675000.0,71000,1800.0
Toyota Hiace  1994  for Sale,1994,Diesel,Manual,Karachi,White,Local,2800 cc,N/A,"Nov 20, 2025",10426441,3200000.0,100000,2800.0
Suzuki Wagon R  2018 VXL for Sale,2018,Petrol,Manual,Karachi,Graphite Grey,Local,1000 cc,Hatchback,"Nov 20, 2025",10848032,2095000.0,72000,1000.0
Suzuki Khyber  1998 Limited Edition for Sale,1998,Petrol,Manual,Karachi,White,Local,1000 cc,Hatchback,"Nov 20, 2025",10848030,315000.0,150008,1000.0
Suzuki Alto  2022 VXR for Sale,2022,Petrol,Manual,Karachi,Solid White,Local,660 cc,Hatchback,"Nov 20, 2025",10848016,2450000.0,55000,660.0
Suzuki Khyber  1992  for Sale,1992,LPG,Manual,Karachi,Silver,Imported,1000 cc,N/A,"Nov 20, 2025",10848014,270000.0,100000,1000.0
Daihatsu Mira  2013 G SA for Sale,2013,Petrol,Automatic,Sindh,Mica Black,Imported,660 cc,Hatchback,"Nov 20, 2025",10733774,2385000.0,87000,660.0
MG HS  2022 Trophy for Sale,2022,Petrol,Automatic,Karachi,York white,Local,1500 cc,Crossover,"Nov 20, 2025",10848008,6250000.0,35000,1500.0
Toyota Corolla  2022 Altis X Automatic 1.6 Special Edition for Sale,2022,Petrol,Automatic,Sindh,Silver,Local,1600 cc,Sedan,"Nov 20, 2025",10848005,6450000.0,10900,1600.0
Suzuki Cultus  2015 EURO II for Sale,2015,Petrol,Manual,Sindh,Pearl Red,Local,1000 cc,Hatchback,"Nov 20, 2025",10832974,1595000.0,59000,1000.0
Daihatsu Move  2015 L for Sale,2015,Petrol,Automatic,Sindh,Silver,Imported,660 cc,Hatchback,"Nov 20, 2025",10847966,2250000.0,75000,660.0
Suzuki Bolan  2014 VX Euro II for Sale,2014,Petrol,Manual,Karachi,Solid White,Local,800 cc,Van,"Nov 20, 2025",10847989,880000.0,50000,800.0
KIA Sportage  2021 AWD for Sale,2021,Petrol,Automatic,Karachi,White,Imported,2000 cc,Crossover,"Nov 20, 2025",10810981,6850000.0,49000,2000.0
Peugeot 2008  2023 Allure for Sale,2023,Petrol,Automatic,Karachi,White,Imported,1200 cc,Crossover,"Nov 20, 2025",10847972,6200000.0,55432,1200.0
Suzuki Alto  2023 VXR for Sale,2023,Petrol,Manual,Sindh,Solid White,Local,660 cc,Hatchback,"Nov 20, 2025",10847970,2600000.0,37000,660.0
Honda Civic 7th Generation (Facelift) 2005 EXi Prosmatec for Sale,2005,Petrol,Automatic,Sindh,Cyprus Blue Pearl,Local,1500 cc,Sedan,"Nov 20, 2025",10847955,1475000.0,100000,1500.0
Suzuki Cultus  2019 VXL for Sale,2019,Petrol,Manual,Sindh,Solid White,Local,1000 cc,Hatchback,"Nov 20, 2025",10847949,2500000.0,82000,1000.0
Suzuki Mehran  2015 VXR Euro II for Sale,2015,Petrol,Manual,Karachi,Graphite Grey,Local,796 cc,Hatchback,"Nov 20, 2025",10847947,890000.0,91910,796.0
Honda Spike  2013 + Hybrid EX for Sale,2013,Petrol,Automatic,Sindh,Grey,Imported,1500 cc,Hatchback,"Nov 20, 2025",10847942,2725000.0,75000,1500.0
Daihatsu Cuore  2004 CX Ecomatic for Sale,2004,Petrol,Automatic,Sindh,Grey,Imported,800 cc,Hatchback,"Nov 20, 2025",10847937,975000.0,75000,800.0
Suzuki Alto  2019 VXL AGS for Sale,2019,Petrol,Automatic,Sindh,Silky Silver,Local,660 cc,Hatchback,"Nov 20, 2025",10847002,2150000.0,95000,660.0
Suzuki Alto  2021 VXR for Sale,2021,Petrol,Manual,Karachi,Solid White,Local,660 cc,Hatchback,"Nov 20, 2025",10847837,2340000.0,85000,660.0
Toyota Corolla  2006 XLi for Sale,2006,Petrol,Manual,Karachi,Black,Local,1300 cc,Sedan,"Nov 20, 2025",10799014,1850000.0,87000,1300.0
Honda Civic Reborn 2009 VTi Oriel Prosmatec 1.8 i-VTEC for Sale,2009,Petrol,Automatic,Karachi,Crystal Black,Local,1800 cc,Sedan,"Nov 20, 2025",10847811,2550000.0,97000,1800.0
Suzuki Swift  2020 DLX Automatic 1.3 Navigation for Sale,2020,Petrol,Automatic,Karachi,Silky Silver,Local,1300 cc,Hatchback,"Nov 20, 2025",10847791,2950000.0,65000,1300.0
Honda Accord  2008 24TL Sports Style for Sale,2008,Petrol,Automatic,Karachi,Bluish Silver Metallic,Imported,2400 cc,Sedan,"Nov 20, 2025",10847720,4500000.0,81149,2400.0
Toyota Corolla  2017 Altis Grande CVT-i 1.8 for Sale,2017,Petrol,Automatic,Karachi,Maroon,Local,1800 cc,Sedan,"Nov 20, 2025",10847785,4850000.0,77000,1800.0
Toyota Corolla  2017 GLi Automatic 1.3 VVTi for Sale,2017,Petrol,Automatic,Sindh,White,Local,1300 cc,Sedan,"Nov 20, 2025",10787206,4150000.0,33000,1300.0
Audi A5  2018 1.4 TFSI Sportback for Sale,2018,Petrol,Automatic,Sindh,Black,Imported,1400 cc,Sedan,"Nov 20, 2025",10847765,1.0,49000,1400.0
Toyota C-HR  2017 G for Sale,2017,Hybrid,Automatic,Karachi,White,Imported,1800 cc,Crossover,"Nov 20, 2025",10847752,6770000.0,131000,1800.0
Toyota Pixis Epoch  2022 X for Sale,2022,Petrol,Automatic,Sindh,Black,Imported,660 cc,Hatchback,"Nov 20, 2025",10805456,3350000.0,20000,660.0
Nissan Clipper  2015 DX for Sale,2015,Petrol,Automatic,Karachi,Bright Silver Metallic,Imported,660 cc,Micro Van,"Nov 20, 2025",10847722,1789999.0,100000,660.0
BMW 7 Series  2004 735i for Sale,2004,Petrol,Automatic,Un-Registered,White,Imported,3600 cc,Sedan,"Nov 20, 2025",10713522,3800000.0,100000,3600.0
Suzuki Swift  2015 DLX Automatic 1.3 for Sale,2015,Petrol,Automatic,Karachi,Maroon,Local,1300 cc,Hatchback,"Nov 20, 2025",10847934,2375000.0,111000,1300.0
Honda Civic  2006 EXi Prosmatec for Sale,2006,Petrol,Automatic,Sindh,Silver,Imported,1500 cc,Sedan,"Nov 20, 2025",10847930,1650000.0,75000,1500.0
Toyota Mark II  2004 Grande 2.0 for Sale,2004,Petrol,Automatic,Sindh,Pearl White,Imported,2000 cc,Sedan,"Nov 20, 2025",10571229,3200000.0,20000,2000.0
Toyota Premio  2007 F 1.5 for Sale,2007,Petrol,Automatic,Karachi,Silver,Imported,1500 cc,Sedan,"Nov 20, 2025",10847927,2500000.0,215000,1500.0
Toyota Corolla  2015 GLi Automatic 1.3 VVTi for Sale,2015,Petrol,Automatic,Karachi,Attitude Black,Local,1300 cc,Sedan,"Nov 20, 2025",10847914,3300000.0,89000,1300.0
Toyota Prado  2012 TX 2.7 for Sale,2012,Petrol,Automatic,Sindh,Super White,Imported,2700 cc,SUV,"Nov 20, 2025",10506892,1.0,125000,2700.0
Toyota Mark X  2005 250G F Package for Sale,2005,Petrol,Automatic,Karachi,White,Imported,2500 cc,Sedan,"Nov 20, 2025",10577477,4100000.0,120000,2500.0
Toyota Corolla  2018 GLi Automatic 1.3 VVTi for Sale,2018,Petrol,Automatic,Karachi,Silver Metallic,Local,1300 cc,Sedan,"Nov 20, 2025",10847906,4400000.0,83000,1300.0
Honda Civic  2019 Oriel 1.8 i-VTEC CVT for Sale,2019,Petrol,Automatic,Karachi,Modern Steel Metallic,Local,1800 cc,Sedan,"Nov 20, 2025",10847905,5390000.0,50000,1800.0
Toyota Vitz  2018 1.0F Safety Edition III for Sale,2018,Petrol,Automatic,Sindh,Silver,Imported,1000 cc,Hatchback,"Nov 20, 2025",10847900,3850000.0,100000,1000.0
Changan Oshan X7  2022 FutureSense for Sale,2022,Petrol,Automatic,Karachi,Stellar White,Local,1500 cc,Compact SUV,"Nov 20, 2025",10847898,7100000.0,22000,1500.0
Suzuki Mehran  2014 VXR Euro II for Sale,2014,Petrol,Manual,Karachi,White,Local,800 cc,Hatchback,"Nov 20, 2025",10781600,850000.0,80000,800.0
Suzuki Cultus  2011 VXRi (CNG) for Sale,2011,Petrol,Manual,Sindh,White,Local,1000 cc,Hatchback,"Nov 20, 2025",10847888,1275000.0,75000,1000.0
Honda Vezel  2014  for Sale,2014,Petrol,Automatic,Sindh,Indigo,Imported,1500 cc,N/A,"Nov 20, 2025",10847884,3800000.0,145000,1500.0
KIA Sportage  2020 AWD for Sale,2020,Petrol,Automatic,Sindh,White,Local,2000 cc,Crossover,"Nov 20, 2025",10847882,6475000.0,51000,2000.0
Daihatsu Mira  2014 X for Sale,2014,Petrol,Automatic,Karachi,Bright Silver Metallic,Imported,660 cc,Hatchback,"Nov 20, 2025",10847873,2700000.0,102000,660.0
Suzuki Wagon R  2012 FT Limited for Sale,2012,Petrol,Automatic,Sindh,White Pearl,Imported,660 cc,Mini Van,"Nov 20, 2025",10847872,1839999.0,197000,660.0
Honda City  2005 i-DSI Vario for Sale,2005,Petrol,Automatic,Karachi,White,Local,1300 cc,Sedan,"Nov 20, 2025",10716793,1780000.0,224000,1300.0
Honda Civic Rebirth 2013 Oriel Prosmatec UG for Sale,2013,Petrol,Automatic,Karachi,Modern Steel Metallic,Local,1800 cc,Sedan,"Nov 20, 2025",10847848,3675000.0,71000,1800.0
Toyota Platz  2007 F 1.0 for Sale,2007,Petrol,Automatic,Karachi,Red,Imported,1000 cc,Sedan,"Nov 20, 2025",10847835,1370000.0,70000,1000.0
Daihatsu Hijet  2011  for Sale,2011,Petrol,Automatic,Karachi,Silver,Imported,660 cc,N/A,"Nov 20, 2025",10847829,1450000.0,90000,660.0
Honda City  2006 i-DSI for Sale,2006,Petrol,Manual,Karachi,Black,Local,1300 cc,Sedan,"Nov 20, 2025",10815139,1930000.0,107315,1300.0
Honda Vezel  2014 Hybrid X L Package for Sale,2014,Hybrid,Automatic,Karachi,Burgundy,Imported,1500 cc,Crossover,"Nov 20, 2025",10847701,3995000.0,79500,1500.0
Suzuki Every Wagon  2020 PZ Turbo for Sale,2020,Petrol,Automatic,Un-Registered,White,Imported,660 cc,Micro Van,"Nov 20, 2025",10832838,3585000.0,81000,660.0
Honda Vezel  2015 Hybrid Z for Sale,2015,Hybrid,Automatic,Karachi,White,Local,1500 cc,Crossover,"Nov 20, 2025",10847690,5350000.0,87000,1500.0
Honda City  2007 i-DSI Vario for Sale,2007,Petrol,Automatic,Karachi,Grey,Local,1300 cc,Sedan,"Nov 19, 2025",10844577,2000000.0,110000,1300.0
Suzuki Swift  2019 RS 1.0 for Sale,2019,Petrol,Automatic,Karachi,Red,Imported,1000 cc,Hatchback,"Nov 19, 2025",10844568,4750000.0,67000,1000.0
Suzuki Every Wagon  2015 PZ Turbo for Sale,2015,Petrol,Automatic,Karachi,White,Imported,660 cc,Micro Van,"Nov 19, 2025",10844584,2550000.0,88000,660.0
Toyota Raize  2021 XS for Sale,2021,Petrol,Automatic,Un-Registered,Bright Silver Metallic,Imported,1000 cc,Compact SUV,"Nov 19, 2025",10847545,4765000.0,142000,1000.0
KIA Sportage  2022 AWD for Sale,2022,Petrol,Automatic,Karachi,Sparkling Silver,Local,2000 cc,Crossover,"Nov 19, 2025",10847528,7100000.0,56000,2000.0
MG HS  2021 1.5 Turbo for Sale,2021,Petrol,Automatic,Karachi,Arctic White,Local,1490 cc,Crossover,"Nov 19, 2025",10847509,6200000.0,9000,1490.0
Toyota Aqua  2014 G for Sale,2014,Hybrid,Automatic,Karachi,Grey,Imported,1500 cc,Hatchback,"Nov 19, 2025",10847505,3575000.0,107000,1500.0
Toyota Hilux  2009 D-4D Automatic for Sale,2009,Diesel,Automatic,Karachi,G,Local,3000 cc,Double Cabin,"Nov 19, 2025",10847487,5800000.0,103000,3000.0
Daihatsu Taft  2022  for Sale,2022,Petrol,Automatic,Sindh,Silver,Imported,660 cc,N/A,"Nov 20, 2025",10847825,3500000.0,44000,660.0
Toyota Corolla 8th (E110) Generation 1998 XE for Sale,1998,Petrol,Manual,Sindh,Gold,Local,1300 cc,Sedan,"Nov 20, 2025",10847822,1100000.0,285369,1300.0
Peugeot 2008  2022 Active for Sale,2022,Petrol,Automatic,Karachi,Cherry Black,Local,1200 cc,Crossover,"Nov 20, 2025",10847818,5180000.0,32000,1200.0
Toyota Passo  2013 X for Sale,2013,Petrol,Automatic,Karachi,Burgundy,Imported,1000 cc,Hatchback,"Nov 20, 2025",10847814,2325000.0,100000,1000.0
Honda Civic Reborn 2009 VTi Oriel Prosmatec 1.8 i-VTEC for Sale,2009,Petrol,Automatic,Karachi,Crystal Black,Local,1800 cc,Sedan,"Nov 20, 2025",10847811,2550000.0,97000,1800.0
Suzuki Swift  2020 DLX Automatic 1.3 Navigation for Sale,2020,Petrol,Automatic,Karachi,Silky Silver,Local,1300 cc,Hatchback,"Nov 20, 2025",10847791,2950000.0,65000,1300.0
Honda Accord  2008 24TL Sports Style for Sale,2008,Petrol,Automatic,Karachi,Bluish Silver Metallic,Imported,2400 cc,Sedan,"Nov 20, 2025",10847720,4500000.0,81149,2400.0
Toyota Corolla  2017 Altis Grande CVT-i 1.8 for Sale,2017,Petrol,Automatic,Karachi,Maroon,Local,1800 cc,Sedan,"Nov 20, 2025",10847785,4850000.0,77000,1800.0
Toyota Corolla  2020 Altis Automatic 1.6 for Sale,2020,Petrol,Automatic,Karachi,Super White,Local,1600 cc,Sedan,"Nov 20, 2025",10847784,5250000.0,42000,1600.0
Toyota Corolla  2017 GLi Automatic 1.3 VVTi for Sale,2017,Petrol,Automatic,Sindh,White,Local,1300 cc,Sedan,"Nov 20, 2025",10787206,4150000.0,33000,1300.0
Audi A5  2018 1.4 TFSI Sportback for Sale,2018,Petrol,Automatic,Sindh,Black,Imported,1400 cc,Sedan,"Nov 20, 2025",10847765,1.0,49000,1400.0
Toyota Corolla  2018 Altis Grande CVT-i 1.8 for Sale,2018,Petrol,Automatic,Karachi,Silver Metallic,Local,1800 cc,Sedan,"Nov 20, 2025",10847763,5490000.0,35000,1800.0
Toyota C-HR  2017 G for Sale,2017,Hybrid,Automatic,Karachi,White,Imported,1800 cc,Crossover,"Nov 20, 2025",10847752,6770000.0,131000,1800.0
Nissan Moco  2015  for Sale,2015,Petrol,Automatic,Karachi,Blue,Imported,660 cc,N/A,"Nov 20, 2025",10847751,2150000.0,119000,660.0
Honda Fit  2012 1.3 Hybrid 10th Anniversary for Sale,2012,Hybrid,Automatic,Karachi,Black,Imported,1300 cc,Hatchback,"Nov 20, 2025",10847734,2350000.0,98000,1300.0
Toyota Pixis Epoch  2022 X for Sale,2022,Petrol,Automatic,Sindh,Black,Imported,660 cc,Hatchback,"Nov 20, 2025",10805456,3350000.0,20000,660.0
Nissan Clipper  2015 DX for Sale,2015,Petrol,Automatic,Karachi,Bright Silver Metallic,Imported,660 cc,Micro Van,"Nov 20, 2025",10847722,1789999.0,100000,660.0
Toyota Pixis Space  2012 L for Sale,2012,Petrol,Automatic,Karachi,Black,Imported,660 cc,Mini Vehicles,"Nov 20, 2025",10843222,1660000.0,152000,660.0
Suzuki Alto  2021 VXR for Sale,2021,Petrol,Manual,Karachi,Grey,Local,660 cc,Hatchback,"Nov 20, 2025",10847707,2210000.0,65000,660.0
Toyota Land Cruiser  2024 ZX Gasoline 3.5L for Sale,2024,Petrol,Automatic,Un-Registered,Black,Local,3500 cc,SUV,"Nov 20, 2025",10847677,7.0,900,3500.0
Toyota Hilux  2020 Revo V Automatic 2.8 for Sale,2020,Diesel,Automatic,Sindh,Attitude Black,Local,2800 cc,Double Cabin,"Nov 19, 2025",10847666,1.0,82000,2800.0
Toyota Hilux  2009 D-4D Automatic for Sale,2009,Diesel,Automatic,Karachi,G,Local,3000 cc,Double Cabin,"Nov 19, 2025",10847487,5800000.0,103000,3000.0
Suzuki Alto  2020 VXL AGS for Sale,2020,Petrol,Automatic,Karachi,White,Local,660 cc,Hatchback,"Nov 19, 2025",10847499,2400000.0,58000,660.0
Nissan Dayz  2014 Highway Star X for Sale,2014,Petrol,Automatic,Karachi,Black,Imported,660 cc,Hatchback,"Nov 19, 2025",10847496,2500000.0,84000,660.0
Toyota Prius  2007 S 1.5 for Sale,2007,Hybrid,Automatic,Karachi,White,Imported,1500 cc,Sedan,"Nov 19, 2025",10847483,2575000.0,120000,1500.0
Toyota Vitz  2012 F Intelligent Package 1.0 for Sale,2012,Petrol,Automatic,Karachi,Grey,Imported,1000 cc,Hatchback,"Nov 19, 2025",10847480,2575000.0,89500,1000.0
Toyota Prius  2010 S 1.5 for Sale,2010,Hybrid,Automatic,Karachi,Silver,Imported,1500 cc,Sedan,"Nov 19, 2025",10847477,2850000.0,108000,1500.0
Toyota Corolla  2021 Altis X Automatic 1.6 for Sale,2021,Petrol,Automatic,Karachi,Super White,Local,1598 cc,Sedan,"Nov 19, 2025",10847467,5245000.0,38500,1598.0
Suzuki Alto  2022 VXL AGS for Sale,2022,Petrol,Automatic,Karachi,White,Local,660 cc,Hatchback,"Nov 19, 2025",10800343,2800000.0,40000,660.0
Toyota Aqua  2013 S for Sale,2013,Hybrid,Automatic,Karachi,Grey,Imported,1500 cc,Hatchback,"Nov 19, 2025",10719949,3275000.0,80000,1500.0
Honda Civic  2012 VTi 1.8 i-VTEC for Sale,2012,Petrol,Manual,Karachi,Grey,Local,1800 cc,Sedan,"Nov 19, 2025",10847455,2400000.0,151000,1800.0
Changan Oshan X7  2025 Comfort for Sale,2025,Petrol,Automatic,Sindh,Stellar White,Local,1500 cc,Compact SUV,"Nov 19, 2025",10847435,8400000.0,7500,1500.0
Suzuki Cultus  2018 VXR for Sale,2018,Petrol,Manual,Karachi,Silver,Local,1000 cc,Hatchback,"Nov 19, 2025",10847447,2300000.0,93000,1000.0
Toyota Hilux  2020 Revo V Automatic 2.8 for Sale,2020,Diesel,Automatic,Sindh,Attitude Black,Local,2800 cc,Double Cabin,"Nov 19, 2025",10847666,1.0,82000,2800.0
Toyota Pixis Epoch  2013  for Sale,2013,Petrol,Manual,Karachi,Silver,Imported,660 cc,N/A,"Nov 19, 2025",10847667,1750000.0,75000,660.0
KIA Sportage  2020 AWD for Sale,2020,Petrol,Automatic,Sindh,White,Local,2000 cc,Crossover,"Nov 19, 2025",10847663,6400000.0,68000,2000.0
Suzuki Cultus  2006 VXR for Sale,2006,Petrol,Manual,Karachi,Silver,Local,1000 cc,Hatchback,"Nov 19, 2025",10677913,725000.0,80000,1000.0
Toyota Premio  2013 X EX Package 1.8 for Sale,2013,Petrol,Automatic,Karachi,Silver Metallic,Imported,1800 cc,Sedan,"Nov 19, 2025",10847651,3475000.0,207000,1800.0
Toyota Sienta  2016  for Sale,2016,Petrol,Automatic,Sindh,Blue,Imported,1500 cc,N/A,"Nov 19, 2025",10847640,4700000.0,120000,1500.0
MG ZS  2022 1.5L for Sale,2022,Petrol,Automatic,Karachi,White,Local,1490 cc,Compact SUV,"Nov 19, 2025",10847638,4800000.0,41500,1490.0
Hyundai Tucson  2025 Hybrid Signature for Sale,2025,Hybrid,Automatic,Karachi,Phantom Black,Local,1600 cc,Crossover,"Nov 19, 2025",10847636,1.0,500,1600.0
Toyota Yaris Sedan  2022 ATIV X CVT 1.5 for Sale,2022,Petrol,Automatic,Karachi,Attitude Black,Local,1500 cc,Sedan,"Nov 19, 2025",10779814,4975000.0,11260,1500.0
Proton Saga  2022 1.3L Ace A/T for Sale,2022,Petrol,Automatic,Sindh,Silver,Local,1300 cc,Sedan,"Nov 19, 2025",10573343,2950000.0,50000,1300.0
Honda HR-V  2023  for Sale,2023,Petrol,Automatic,Sindh,White,Local,1500 cc,N/A,"Nov 19, 2025",10847601,6500000.0,24000,1500.0
Honda Civic  2017 Oriel 1.8 i-VTEC CVT for Sale,2017,Petrol,Automatic,Sindh,Grey,Local,1800 cc,Sedan,"Nov 19, 2025",10847598,4375000.0,107000,1800.0
Daihatsu Tanto  2014  for Sale,2014,Petrol,Automatic,Sindh,Maroon,Imported,660 cc,N/A,"Nov 19, 2025",10515145,2250000.0,89000,660.0
Toyota Corolla  2015 Altis Grande 1.8 for Sale,2015,Petrol,Automatic,Karachi,Silver,Imported,1800 cc,Sedan,"Nov 19, 2025",10847569,4150000.0,116000,1800.0
Honda City  2007 i-DSI Vario for Sale,2007,Petrol,Automatic,Karachi,Grey,Local,1300 cc,Sedan,"Nov 19, 2025",10844577,2000000.0,110000,1300.0
Toyota Corolla  2013 GLi Automatic 1.6 VVTi for Sale,2013,Petrol,Automatic,Sindh,Bluish Silver Metallic,Local,1600 cc,Sedan,"Nov 19, 2025",10845571,3050000.0,90500,1600.0
Suzuki Swift  2019 RS 1.0 for Sale,2019,Petrol,Automatic,Karachi,Red,Imported,1000 cc,Hatchback,"Nov 19, 2025",10844568,4750000.0,67000,1000.0
Suzuki Every Wagon  2015 PZ Turbo for Sale,2015,Petrol,Automatic,Karachi,White,Imported,660 cc,Micro Van,"Nov 19, 2025",10844584,2550000.0,88000,660.0
Toyota Raize  2021 XS for Sale,2021,Petrol,Automatic,Un-Registered,Bright Silver Metallic,Imported,1000 cc,Compact SUV,"Nov 19, 2025",10847545,4765000.0,142000,1000.0
Suzuki Cultus  2022 VXR for Sale,2022,Petrol,Manual,Karachi,Solid White,Local,1000 cc,Hatchback,"Nov 19, 2025",10847515,3500000.0,20049,1000.0
Toyota Corolla  2021 Altis Grande X CVT-i 1.8 Black Interior for Sale,2021,Petrol,Automatic,Karachi,Super white,Local,1800 cc,Sedan,"Nov 19, 2025",10847403,6335000.0,49000,1800.0
KIA Stonic  2021 EX for Sale,2021,Petrol,Automatic,Karachi,Cherry Black,Local,1400 cc,Crossover,"Nov 19, 2025",10847535,4350000.0,81000,1400.0
KIA Sportage  2022 AWD for Sale,2022,Petrol,Automatic,Karachi,Sparkling Silver,Local,2000 cc,Crossover,"Nov 19, 2025",10847528,7100000.0,56000,2000.0
KIA Sportage  2021 FWD for Sale,2021,Petrol,Automatic,Karachi,Sparkling Silver,Local,2000 cc,Crossover,"Nov 19, 2025",10847526,6748999.0,83000,2000.0
Suzuki Cultus  2003 VXR for Sale,2003,Petrol,Manual,Karachi,Maroon,Local,1000 cc,Hatchback,"Nov 19, 2025",10847511,750000.0,63000,1000.0
Toyota Corolla  2019 GLi Automatic 1.3 VVTi for Sale,2019,Petrol,Automatic,Karachi,Strong Blue,Local,1300 cc,Sedan,"Nov 19, 2025",10838003,4250000.0,89212,1300.0
Toyota Corolla  2020 Altis Automatic 1.6 for Sale,2020,Petrol,Automatic,Karachi,White,Local,1600 cc,Sedan,"Nov 19, 2025",10847444,5100000.0,70000,1600.0
Daihatsu Mira  2002 X for Sale,2002,Petrol,Automatic,Sindh,White,Imported,660 cc,Hatchback,"Nov 19, 2025",10847397,1190000.0,175000,660.0
Toyota Corolla  2016 Altis 1.8 for Sale,2016,Petrol,Manual,Karachi,White,Local,1800 cc,Sedan,"Nov 19, 2025",10847425,3700000.0,109000,1800.0
Honda Civic  2011 VTi 1.8 i-VTEC for Sale,2011,Petrol,Manual,Karachi,Brown,Local,1800 cc,Sedan,"Nov 19, 2025",10847409,2600000.0,95000,1800.0
Honda City 5th (GM2) Generation 2019 Aspire Prosmatec 1.5 i-VTEC for Sale,2019,Petrol,Automatic,Karachi,Crystal Black Pearl,Local,1500 cc,Sedan,"Nov 19, 2025",10847402,3475000.0,95000,1500.0
Toyota Yaris Sedan  2021 ATIV CVT 1.3 for Sale,2021,Petrol,Automatic,Karachi,Silver,Local,1300 cc,Sedan,"Nov 19, 2025",10847404,4275000.0,72000,1300.0
Toyota Raize  2020 Z for Sale,2020,Petrol,Automatic,Un-Registered,Silver,Imported,1000 cc,Crossover,"Nov 19, 2025",10775513,5970000.0,33000,1000.0
Toyota Yaris Hatchback  2021 X for Sale,2021,Petrol,Automatic,Karachi,Super White,Imported,1000 cc,Hatchback,"Nov 19, 2025",10847365,4390000.0,52000,1000.0
Suzuki Alto  2025 VXR Upgraded for Sale,2025,Petrol,Manual,Karachi,Solid White,Local,660 cc,Hatchback,"Nov 19, 2025",10847359,3075000.0,49,660.0
Toyota Raize  2020 G for Sale,2020,Petrol,Automatic,Un-Registered,Pearl Black,Imported,1000 cc,Crossover,"Nov 19, 2025",10847335,5700000.0,26000,1000.0
Suzuki Alto  2022 Hybrid X for Sale,2022,Hybrid,Automatic,Karachi,Burgundy,Imported,660 cc,Mini Vehicles,"Nov 19, 2025",10792412,3650000.0,13000,660.0
KIA Sportage  2020 AWD for Sale,2020,Petrol,Automatic,Karachi,White,Local,2000 cc,Crossover,"Nov 19, 2025",10537871,6680000.0,38000,2000.0
MG HS  2021 1.5 Turbo for Sale,2021,Petrol,Automatic,Karachi,Arctic White,Local,1490 cc,Crossover,"Nov 19, 2025",10847509,6200000.0,9000,1490.0
Toyota Aqua  2014 G for Sale,2014,Hybrid,Automatic,Karachi,Grey,Imported,1500 cc,Hatchback,"Nov 19, 2025",10847505,3575000.0,107000,1500.0
Toyota Hilux  2009 D-4D Automatic for Sale,2009,Diesel,Automatic,Karachi,G,Local,3000 cc,Double Cabin,"Nov 19, 2025",10847487,5800000.0,103000,3000.0
Suzuki Swift  2020 DLX Automatic 1.3 Navigation for Sale,2020,Petrol,Automatic,Karachi,Solid White,Local,1300 cc,Hatchback,"Nov 19, 2025",10847503,2900000.0,65000,1300.0
Suzuki Alto  2020 VXL AGS for Sale,2020,Petrol,Automatic,Karachi,White,Local,660 cc,Hatchback,"Nov 19, 2025",10847499,2400000.0,58000,660.0
Nissan Dayz  2014 Highway Star X for Sale,2014,Petrol,Automatic,Karachi,Black,Imported,660 cc,Hatchback,"Nov 19, 2025",10847496,2500000.0,84000,660.0
Honda Civic  2021 Oriel 1.8 i-VTEC CVT for Sale,2021,Petrol,Automatic,Karachi,White,Local,1800 cc,Sedan,"Nov 19, 2025",10847493,6350000.0,35000,1800.0
Toyota Prius  2007 S 1.5 for Sale,2007,Hybrid,Automatic,Karachi,White,Imported,1500 cc,Sedan,"Nov 19, 2025",10847483,2575000.0,120000,1500.0
Toyota Vitz  2012 F Intelligent Package 1.0 for Sale,2012,Petrol,Automatic,Karachi,Grey,Imported,1000 cc,Hatchback,"Nov 19, 2025",10847480,2575000.0,89500,1000.0
Toyota Prius  2010 S 1.5 for Sale,2010,Hybrid,Automatic,Karachi,Silver,Imported,1500 cc,Sedan,"Nov 19, 2025",10847477,2850000.0,108000,1500.0
Honda City 6th Generation 2021 1.2L CVT for Sale,2021,Petrol,Automatic,Sindh,Meteoriod Gray Metallic,Local,1200 cc,Compact sedan,"Nov 19, 2025",10847476,4400000.0,33000,1200.0
Toyota Corolla  2016 GLi Automatic 1.3 VVTi for Sale,2016,Petrol,Automatic,Karachi,White,Local,1300 cc,Sedan,"Nov 19, 2025",10847416,3600000.0,86000,1300.0
Toyota Corolla  2021 Altis X Automatic 1.6 for Sale,2021,Petrol,Automatic,Karachi,Super White,Local,1598 cc,Sedan,"Nov 19, 2025",10847467,5245000.0,38500,1598.0
Suzuki Mehran  1997 VXR for Sale,1997,LPG,Manual,Karachi,Maroon,Local,800 cc,Hatchback,"Nov 19, 2025",10847466,350000.0,200000,800.0
Suzuki Alto  2022 VXL AGS for Sale,2022,Petrol,Automatic,Karachi,White,Local,660 cc,Hatchback,"Nov 19, 2025",10800343,2800000.0,40000,660.0
Toyota Aqua  2013 S for Sale,2013,Hybrid,Automatic,Karachi,Grey,Imported,1500 cc,Hatchback,"Nov 19, 2025",10719949,3275000.0,80000,1500.0
Honda Civic  2012 VTi 1.8 i-VTEC for Sale,2012,Petrol,Manual,Karachi,Grey,Local,1800 cc,Sedan,"Nov 19, 2025",10847455,2400000.0,151000,1800.0
Daihatsu Boon  2017  for Sale,2017,Petrol,Automatic,Karachi,White,Imported,1000 cc,N/A,"Nov 19, 2025",10366271,3800000.0,100000,1000.0
Changan Oshan X7  2025 Comfort for Sale,2025,Petrol,Automatic,Sindh,Stellar White,Local,1500 cc,Compact SUV,"Nov 19, 2025",10847435,8400000.0,7500,1500.0
Suzuki Cultus  2018 VXR for Sale,2018,Petrol,Manual,Karachi,Silver,Local,1000 cc,Hatchback,"Nov 19, 2025",10847447,2300000.0,93000,1000.0
Honda Civic 7th Generation (Facelift) 2004 VTi Prosmatec 1.6 for Sale,2004,Petrol,Automatic,Sindh,Grenada Black Pearl,Local,1600 cc,Sedan,"Nov 19, 2025",10615799,1660000.0,110000,1600.0
Toyota Aqua  2014 S for Sale,2014,Hybrid,Automatic,Sindh,White,Imported,1500 cc,Hatchback,"Nov 19, 2025",10847430,3700000.0,99000,1500.0
Toyota Raize  2020 Z for Sale,2020,Petrol,Automatic,Un-Registered,Bright Silver Metallic,Imported,1000 cc,Crossover,"Nov 19, 2025",10847314,5750000.0,54000,1000.0
Daihatsu Move  2022 X SA 2 for Sale,2022,Petrol,Automatic,Un-Registered,Black,Imported,658 cc,Hatchback,"Nov 19, 2025",10847293,3500000.0,60000,658.0
Toyota Passo  2022 X L Package S  for Sale,2022,Petrol,Automatic,Karachi,Beige,Imported,1000 cc,Hatchback,"Nov 19, 2025",10847247,4100000.0,44000,1000.0
Suzuki Alto  2020 VXR for Sale,2020,Petrol,Manual,Sindh,Solid White,Local,660 cc,Hatchback,"Nov 19, 2025",10817994,2285000.0,73000,660.0
Toyota Passo  2022 X L Package S  for Sale,2022,Petrol,Automatic,Karachi,Bright Silver Metallic,Imported,1000 cc,Hatchback,"Nov 19, 2025",10847147,4600000.0,10859,1000.0
Toyota Passo  2014 Plus Hana C for Sale,2014,Petrol,Automatic,Karachi,Black,Imported,1000 cc,Hatchback,"Nov 19, 2025",10847196,2700000.0,82000,1000.0
Honda City 6th Generation 2022 1.5L CVT for Sale,2022,Petrol,Automatic,Karachi,Grey,Local,1500 cc,Compact sedan,"Nov 19, 2025",10194012,4475000.0,23000,1500.0
Honda City 6th Generation 2022 1.5L ASPIRE CVT for Sale,2022,Petrol,Automatic,Karachi,Lunar Silver Metallic,Local,1500 cc,Compact sedan,"Nov 19, 2025",10658260,4975000.0,31000,1500.0
Honda BR-V  2021 i-VTEC S for Sale,2021,Petrol,Automatic,Karachi,Maroon,Local,1500 cc,MPV,"Nov 19, 2025",10630182,4975000.0,36000,1500.0
Suzuki Mehran  2018 VXR Euro II for Sale,2018,Petrol,Manual,Karachi,Silky Silver,Local,796 cc,Hatchback,"Nov 19, 2025",10805056,1050000.0,65991,796.0
Toyota Vitz  2005 F 1.3 for Sale,2005,Petrol,Automatic,Karachi,Bayou Blue,Imported,1300 cc,Hatchback,"Nov 19, 2025",10804447,1700000.0,105827,1300.0
Toyota Passo  2007 G 1.0 for Sale,2007,Petrol,Automatic,Karachi,Silver Gold,Imported,1000 cc,Hatchback,"Nov 19, 2025",10847429,1850000.0,125000,1000.0
Daihatsu Mira  2002 X for Sale,2002,Petrol,Automatic,Sindh,White,Imported,660 cc,Hatchback,"Nov 19, 2025",10847397,1190000.0,175000,660.0
Toyota Corolla  2016 Altis 1.8 for Sale,2016,Petrol,Manual,Karachi,White,Local,1800 cc,Sedan,"Nov 19, 2025",10847425,3700000.0,109000,1800.0
Suzuki Every 6th Generation (Imported) 2017 Join for Sale,2017,Petrol,Automatic,Karachi,Silky Silver Metallic,Imported,660 cc,Micro Van,"Nov 19, 2025",10847424,2130000.0,116000,660.0
Suzuki Cultus  2016 Limited Edition for Sale,2016,Petrol,Manual,Sindh,Solid White,Local,1000 cc,Hatchback,"Nov 19, 2025",10847422,1850000.0,32000,1000.0
Honda Civic  2011 VTi 1.8 i-VTEC for Sale,2011,Petrol,Manual,Karachi,Brown,Local,1800 cc,Sedan,"Nov 19, 2025",10847409,2600000.0,95000,1800.0
Honda City 5th (GM2) Generation 2019 Aspire Prosmatec 1.5 i-VTEC for Sale,2019,Petrol,Automatic,Karachi,Crystal Black Pearl,Local,1500 cc,Sedan,"Nov 19, 2025",10847402,3475000.0,95000,1500.0
Toyota Yaris Sedan  2021 ATIV CVT 1.3 for Sale,2021,Petrol,Automatic,Karachi,Silver,Local,1300 cc,Sedan,"Nov 19, 2025",10847404,4275000.0,72000,1300.0
Toyota Corolla  2003 Assista X Package 1.5 for Sale,2003,Petrol,Automatic,Sindh,Silver,Imported,1600 cc,Sedan,"Nov 19, 2025",10681368,2800000.0,206348,1600.0
Mitsubishi Ek Wagon  2007  for Sale,2007,Petrol,Automatic,Sindh,Unlisted,Imported,660 cc,N/A,"Nov 19, 2025",10847391,1525000.0,100000,660.0
Toyota Yaris Sedan  2022 ATIV X CVT 1.5 for Sale,2022,Petrol,Automatic,Karachi,Super White,Local,1500 cc,Sedan,"Nov 19, 2025",10847388,4600000.0,49000,1500.0
Toyota Corolla  2018 GLi 1.3 VVTi for Sale,2018,Petrol,Manual,Karachi,Silver,Local,1300 cc,Sedan,"Nov 19, 2025",10847369,4225000.0,80000,1300.0
Honda Civic  2016 VTi Prosmatec 1.8 i-VTEC for Sale,2016,Petrol,Automatic,Sindh,Black,Local,1800 cc,Sedan,"Nov 19, 2025",10847379,3150000.0,98,1800.0
Toyota Raize  2020 Z for Sale,2020,Petrol,Automatic,Un-Registered,Silver,Imported,1000 cc,Crossover,"Nov 19, 2025",10775513,5970000.0,33000,1000.0
Toyota Yaris Hatchback  2021 X for Sale,2021,Petrol,Automatic,Karachi,Super White,Imported,1000 cc,Hatchback,"Nov 19, 2025",10847365,4390000.0,52000,1000.0
Suzuki Alto  2025 VXR Upgraded for Sale,2025,Petrol,Manual,Karachi,Solid White,Local,660 cc,Hatchback,"Nov 19, 2025",10847359,3075000.0,49,660.0
Toyota Raize  2020 G for Sale,2020,Petrol,Automatic,Un-Registered,Pearl Black,Imported,1000 cc,Crossover,"Nov 19, 2025",10847335,5700000.0,26000,1000.0
Suzuki Alto  2022 Hybrid X for Sale,2022,Hybrid,Automatic,Karachi,Burgundy,Imported,660 cc,Mini Vehicles,"Nov 19, 2025",10792412,3650000.0,13000,660.0
Toyota Sienta  2016 X for Sale,2016,Hybrid,Automatic,Karachi,Super White,Imported,1500 cc,Van,"Nov 19, 2025",10847324,4600000.0,150000,1500.0
Toyota Land Cruiser  2025 ZX Gasoline 3.5L for Sale,2025,Petrol,Automatic,Karachi,Black,Imported,3500 cc,SUV,"Nov 19, 2025",10847320,10.0,69,3500.0
Toyota Corolla  2015 XLi VVTi for Sale,2015,Petrol,Manual,Sindh,White,Local,1300 cc,Sedan,"Nov 19, 2025",10847313,2900000.0,155,1300.0
Suzuki Cultus  2016 Limited Edition for Sale,2016,Petrol,Manual,Sindh,White,Local,1000 cc,Hatchback,"Nov 19, 2025",10552112,1639999.0,109000,1000.0
Changan Oshan X7  2025 Comfort for Sale,2025,Petrol,Automatic,Sindh,Stellar White,Local,1500 cc,Compact SUV,"Nov 19, 2025",10847298,7950000.0,25000,1500.0
KIA Sportage  2022 AWD for Sale,2022,Petrol,Automatic,Karachi,White,Local,2000 cc,Crossover,"Nov 19, 2025",10843861,7375000.0,44824,2000.0
Daihatsu Hijet  2014 Deluxe for Sale,2014,Petrol,Automatic,Karachi,Silver,Imported,660 cc,Mini Van,"Nov 19, 2025",10799262,1600000.0,109738,660.0
Toyota Yaris Sedan  2025 GLI CVT 1.3 for Sale,2025,Petrol,Automatic,Sindh,Attitude Black,Local,1300 cc,Sedan,"Nov 19, 2025",10798011,5070000.0,42,1300.0
Toyota Corolla  2020 Altis Automatic 1.6 for Sale,2020,Petrol,Automatic,Karachi,Super White,Local,1600 cc,Sedan,"Nov 19, 2025",10798841,5000000.0,74322,1600.0
Toyota Prius  2014 S LED Edition 1.8 for Sale,2014,Hybrid,Automatic,Karachi,Silver Metallic,Imported,1800 cc,Sedan,"Nov 19, 2025",10847075,4500000.0,140874,1800.0
Toyota Raize  2020 Z for Sale,2020,Petrol,Automatic,Un-Registered,Turquoise,Imported,1000 cc,Crossover,"Nov 19, 2025",10847112,5650000.0,48000,1000.0
Daihatsu Hijet  2020  for Sale,2020,Petrol,Automatic,Un-Registered,White,Imported,660 cc,N/A,"Nov 19, 2025",10847099,2525000.0,115000,660.0
Nissan Note  2018 1.2E for Sale,2018,Hybrid,Automatic,Karachi,Brilliant White Pearl,Imported,1198 cc,Hatchback,"Nov 19, 2025",10847079,4000000.0,147733,1198.0
KIA Sorento  2021 3.5 FWD for Sale,2021,Petrol,Automatic,Karachi,Clear White,Local,3500 cc,Compact SUV,"Nov 19, 2025",10847073,6800000.0,115000,3500.0
Toyota Raize  2020 Z for Sale,2020,Petrol,Automatic,Karachi,Red Wine,Imported,1000 cc,Crossover,"Nov 19, 2025",10847064,5450000.0,35000,1000.0
Honda Vezel  2014 Hybrid Z for Sale,2014,Hybrid,Automatic,Karachi,White,Imported,1500 cc,Crossover,"Nov 19, 2025",10847047,4250000.0,82000,1500.0
Honda Civic  2021 Oriel 1.8 i-VTEC CVT for Sale,2021,Petrol,Automatic,Karachi,Crystal Black,Local,1800 cc,Sedan,"Nov 19, 2025",10846780,6450000.0,37000,1800.0
Daihatsu Hijet  2021  for Sale,2021,Petrol,Automatic,Un-Registered,Silver,Imported,660 cc,N/A,"Nov 19, 2025",10706510,2880000.0,47500,660.0
Mercedes Benz C Class  2006 C180 for Sale,2006,Petrol,Automatic,Islamabad,Diamond Black,Imported,2000 cc,Sedan,"Nov 19, 2025",10847260,3500000.0,75000,2000.0
Toyota Passo  2022 X L Package S  for Sale,2022,Petrol,Automatic,Karachi,Beige,Imported,1000 cc,Hatchback,"Nov 19, 2025",10847247,4100000.0,44000,1000.0
Suzuki Alto  2022 VXR for Sale,2022,Petrol,Manual,Sindh,Silky Silver,Local,660 cc,Hatchback,"Nov 19, 2025",10847237,2625000.0,21000,660.0
Suzuki Alto  2008 VXR for Sale,2008,Petrol,Manual,Sindh,Blue,Local,1000 cc,Hatchback,"Nov 19, 2025",10847232,1019999.0,199000,1000.0
Toyota Passo  2007  for Sale,2007,Petrol,Automatic,Karachi,Red,Imported,1000 cc,N/A,"Nov 19, 2025",10791086,1650000.0,147000,1000.0
Suzuki Swift  2017 DLX 1.3 Navigation  for Sale,2017,Petrol,Manual,Sindh,Solid White,Local,1300 cc,Hatchback,"Nov 19, 2025",10826592,2350000.0,50000,1300.0
Suzuki Alto  2020 VXR for Sale,2020,Petrol,Manual,Sindh,Solid White,Local,660 cc,Hatchback,"Nov 19, 2025",10817994,2285000.0,73000,660.0
Honda City 5th (GM2) Generation 2018 1.3 i-VTEC Prosmatec for Sale,2018,Petrol,Automatic,Sindh,Lunar Silver Metallic,Local,1300 cc,Sedan,"Nov 19, 2025",10841857,3395000.0,86000,1300.0
Toyota Passo  2022 X L Package S  for Sale,2022,Petrol,Automatic,Karachi,Bright Silver Metallic,Imported,1000 cc,Hatchback,"Nov 19, 2025",10847147,4600000.0,10859,1000.0
Toyota Passo  2014 Plus Hana C for Sale,2014,Petrol,Automatic,Karachi,Black,Imported,1000 cc,Hatchback,"Nov 19, 2025",10847196,2700000.0,82000,1000.0
Honda City 6th Generation 2022 1.5L CVT for Sale,2022,Petrol,Automatic,Karachi,Grey,Local,1500 cc,Compact sedan,"Nov 19, 2025",10194012,4475000.0,23000,1500.0
Honda City 6th Generation 2022 1.5L ASPIRE CVT for Sale,2022,Petrol,Automatic,Karachi,Lunar Silver Metallic,Local,1500 cc,Compact sedan,"Nov 19, 2025",10658260,4975000.0,31000,1500.0
Honda BR-V  2021 i-VTEC S for Sale,2021,Petrol,Automatic,Karachi,Maroon,Local,1500 cc,MPV,"Nov 19, 2025",10630182,4975000.0,36000,1500.0
Suzuki Mehran  2018 VXR Euro II for Sale,2018,Petrol,Manual,Karachi,Silky Silver,Local,796 cc,Hatchback,"Nov 19, 2025",10805056,1050000.0,65991,796.0
Changan Alsvin  2022 1.5L DCT Lumiere for Sale,2022,Petrol,Automatic,Sindh,White,Local,1500 cc,Sedan,"Nov 19, 2025",10556356,3800000.0,30000,1500.0
Suzuki Khyber  1997 GA for Sale,1997,Petrol,Manual,Karachi,Grey,Local,1000 cc,Hatchback,"Nov 19, 2025",10847157,380000.0,1000000,1000.0
Toyota Vitz  2005 F 1.3 for Sale,2005,Petrol,Automatic,Karachi,Bayou Blue,Imported,1300 cc,Hatchback,"Nov 19, 2025",10804447,1700000.0,105827,1300.0
Suzuki Cultus  2007 VXRi for Sale,2007,Petrol,Manual,Karachi,Blue,Local,1000 cc,Hatchback,"Nov 19, 2025",10847146,1019999.0,85000,1000.0
Suzuki Bolan  1999 VX (CNG) for Sale,1999,LPG,Manual,Sindh,Maroon,Local,800 cc,Mini Van,"Nov 19, 2025",10847137,550000.0,100000,800.0
Suzuki Alto  2024 VXL AGS for Sale,2024,Petrol,Automatic,Karachi,Solid White,Local,660 cc,Hatchback,"Nov 19, 2025",10772083,3200000.0,8659,660.0
Toyota Corolla  2025 Altis Grande CVT-i 1.8 for Sale,2025,Petrol,Automatic,Karachi,Black,Local,1800 cc,Sedan,"Nov 19, 2025",10847039,7900000.0,19000,1800.0
Changan Oshan X7  2024 FutureSense for Sale,2024,Petrol,Automatic,Karachi,Galaxy Black,Local,1500 cc,Compact SUV,"Nov 19, 2025",10847017,8500000.0,31694,1500.0
Suzuki Cultus  2022 Auto Gear Shift for Sale,2022,Petrol,Automatic,Karachi,White,Local,1000 cc,Hatchback,"Nov 19, 2025",10815629,3375000.0,86000,1000.0
Toyota Yaris Sedan  2021 ATIV X CVT 1.5 for Sale,2021,Petrol,Automatic,Karachi,Silver Metallic,Local,1500 cc,Sedan,"Nov 19, 2025",10791406,4200000.0,61896,1500.0
Suzuki Wagon R  2022  for Sale,2022,Hybrid,Automatic,Un-Registered,Black,Imported,660 cc,N/A,"Nov 19, 2025",10846258,3950000.0,15007,660.0
Daihatsu Cast  2022  for Sale,2022,Petrol,Automatic,Un-Registered,Brown,Imported,660 cc,N/A,"Nov 19, 2025",10846272,3950000.0,35545,660.0
Toyota Corolla Axio  2016 Hybrid 1.5 for Sale,2016,Hybrid,Automatic,Karachi,Silver Metallic,Imported,1500 cc,Sedan,"Nov 19, 2025",10846861,4875000.0,89000,1500.0
Audi A3  2018 1.2 TFSI Standard for Sale,2018,Petrol,Automatic,Sindh,Black,Imported,1200 cc,Sedan,"Nov 19, 2025",10608337,7200000.0,53000,1200.0
Toyota Corolla Axio  2018 G for Sale,2018,Petrol,Automatic,Sindh,Brown,Imported,1500 cc,Sedan,"Nov 19, 2025",10841018,5200000.0,74000,1500.0
Toyota Hilux  2022 Revo GR Sport for Sale,2022,Diesel,Automatic,Un-Registered,Super White,Imported,2400 cc,Double Cabin,"Nov 19, 2025",10846930,1.0,19500,2400.0
Honda Civic  2016 Oriel 1.8 i-VTEC CVT for Sale,2016,Petrol,Automatic,Karachi,Lunar Silver Metallic,Local,1800 cc,Sedan,"Nov 19, 2025",10666443,4325000.0,160894,1800.0
Toyota Corolla  2020 Altis Automatic 1.6 for Sale,2020,Petrol,Automatic,Karachi,Super White,Local,1600 cc,Sedan,"Nov 19, 2025",10798841,5000000.0,74322,1600.0
KIA Picanto  2020 1.0 AT for Sale,2020,Petrol,Automatic,Sindh,Beige,Local,1000 cc,Hatchback,"Nov 19, 2025",10713409,2775000.0,31938,1000.0
Toyota Prius  2014 S LED Edition 1.8 for Sale,2014,Hybrid,Automatic,Karachi,Silver Metallic,Imported,1800 cc,Sedan,"Nov 19, 2025",10847075,4500000.0,140874,1800.0
Suzuki Cultus  2003 VXR (CNG) for Sale,2003,Petrol,Manual,Karachi,Silver,Local,1000 cc,Hatchback,"Nov 19, 2025",10847108,919999.0,1,1000.0
Toyota Raize  2020 Z for Sale,2020,Petrol,Automatic,Un-Registered,Turquoise,Imported,1000 cc,Crossover,"Nov 19, 2025",10847112,5650000.0,48000,1000.0
Nissan Dayz  2015 X for Sale,2015,Petrol,Automatic,Karachi,Silver Metallic,Imported,660 cc,Hatchback,"Nov 19, 2025",10250357,2400000.0,81460,660.0
Suzuki Mehran  1992 VXR for Sale,1992,Petrol,Manual,Karachi,Snow White Pearl,Local,800 cc,Hatchback,"Nov 19, 2025",10847100,250000.0,200000,800.0
Daihatsu Hijet  2020  for Sale,2020,Petrol,Automatic,Un-Registered,White,Imported,660 cc,N/A,"Nov 19, 2025",10847099,2525000.0,115000,660.0
Honda City 6th Generation 2022 1.5L ASPIRE CVT for Sale,2022,Petrol,Automatic,Karachi,Taffeta White,Local,1500 cc,Compact sedan,"Nov 19, 2025",10847091,4850000.0,50000,1500.0
Nissan Note  2018 1.2E for Sale,2018,Hybrid,Automatic,Karachi,Brilliant White Pearl,Imported,1198 cc,Hatchback,"Nov 19, 2025",10847079,4000000.0,147733,1198.0
Daihatsu Cuore  2008  for Sale,2008,Petrol,Manual,Sindh,Gold,Local,800 cc,N/A,"Nov 19, 2025",10847084,919000.0,80000,800.0
KIA Sorento  2021 3.5 FWD for Sale,2021,Petrol,Automatic,Karachi,Clear White,Local,3500 cc,Compact SUV,"Nov 19, 2025",10847073,6800000.0,115000,3500.0
Suzuki Alto  2011 VXR for Sale,2011,Petrol,Manual,Karachi,Red,Local,1000 cc,Hatchback,"Nov 19, 2025",10847070,1225000.0,100000,1000.0
MG HS  2021 Trophy for Sale,2021,Petrol,Automatic,Karachi,Black,Imported,1500 cc,Crossover,"Nov 19, 2025",10847031,6800000.0,8000,1500.0
Toyota Raize  2020 Z for Sale,2020,Petrol,Automatic,Karachi,Red Wine,Imported,1000 cc,Crossover,"Nov 19, 2025",10847064,5450000.0,35000,1000.0
Daihatsu Hijet  2020 Special for Sale,2020,Petrol,Automatic,Un-Registered,silver,Imported,660 cc,Mini Van,"Nov 19, 2025",10847050,2550000.0,111000,660.0
Honda Vezel  2014 Hybrid Z for Sale,2014,Hybrid,Automatic,Karachi,White,Imported,1500 cc,Crossover,"Nov 19, 2025",10847047,4250000.0,82000,1500.0
Honda Civic  2021 Oriel 1.8 i-VTEC CVT for Sale,2021,Petrol,Automatic,Karachi,Crystal Black,Local,1800 cc,Sedan,"Nov 19, 2025",10846780,6450000.0,37000,1800.0
Toyota Vitz  2017 F M Package 1.0 for Sale,2017,Petrol,Automatic,Sindh,Super White II,Imported,996 cc,Hatchback,"Nov 19, 2025",10847042,3650000.0,45000,996.0
Suzuki Cultus  2013 EURO II for Sale,2013,Petrol,Manual,Karachi,Graphite Grey,Local,1000 cc,Hatchback,"Nov 19, 2025",10847040,1230000.0,99200,1000.0
Toyota Vitz  2015 F 1.0 for Sale,2015,Petrol,Automatic,Karachi,Silver,Imported,1000 cc,Hatchback,"Nov 19, 2025",10846719,2820000.0,145000,1000.0
Suzuki Swift  2020 DLX 1.3 Navigation  for Sale,2020,Petrol,Manual,Karachi,Silky Silver,Local,1300 cc,Hatchback,"Nov 19, 2025",10709805,3000000.0,64539,1300.0
Proton Saga  2022 1.3L Standard A/T for Sale,2022,Petrol,Automatic,Karachi,Ruby Red,Local,1299 cc,Sedan,"Nov 19, 2025",10698054,2800000.0,23199,1299.0
Toyota Estima  2003 G for Sale,2003,Petrol,Automatic,Karachi,White,Imported,2700 cc,Van,"Nov 19, 2025",9582935,3250000.0,91000,2700.0
Hyundai Elantra  2025 2.0 Limited Edition (Cappuccino Interior) for Sale,2025,Petrol,Automatic,Karachi,White,Local,2000 cc,Sedan,"Nov 19, 2025",10846865,7286000.0,73,2000.0
Toyota Land Cruiser  2008 AX G Selection for Sale,2008,Petrol,Automatic,Karachi,Black,Imported,4600 cc,SUV,"Nov 19, 2025",10846744,2.0,84000,4600.0
Nissan Kicks  2020  for Sale,2020,Petrol,Automatic,Un-Registered,White,Imported,1300 cc,N/A,"Nov 19, 2025",10801104,5800000.0,54000,1300.0
Toyota Aqua  2021 S for Sale,2021,Hybrid,Automatic,Karachi,Grey,Imported,1500 cc,Hatchback,"Nov 19, 2025",10819310,6300000.0,72000,1500.0
Hyundai Elantra  2024 GLS for Sale,2024,Petrol,Automatic,Sindh,Black Diamond,Local,2000 cc,Sedan,"Nov 19, 2025",10846799,6500000.0,28313,2000.0
Nissan Serena  2019 e-POWER Highway Star for Sale,2019,Hybrid,Automatic,Un-Registered,White,Imported,1200 cc,Van,"Nov 19, 2025",10349686,6700000.0,94000,1200.0
Toyota Corolla Axio  2014 Hybrid 1.5 for Sale,2014,Hybrid,Automatic,Karachi,Black,Imported,1500 cc,Sedan,"Nov 19, 2025",10761189,3875000.0,89000,1500.0
Nissan Serena  2019 e-POWER Highway Star for Sale,2019,Hybrid,Automatic,Karachi,Burgundy,Imported,1200 cc,Van,"Nov 19, 2025",10761582,6400000.0,160500,1200.0
Honda N Wgn  2016 G for Sale,2016,Petrol,Automatic,Karachi,Black,Imported,660 cc,Hatchback,"Nov 19, 2025",10771711,2800000.0,78581,660.0
Suzuki Alto  2012  for Sale,2012,Petrol,Manual,Karachi,White,Local,1000 cc,N/A,"Nov 19, 2025",10205402,1100000.0,13258,1000.0
KIA Picanto  2021 1.0 AT for Sale,2021,Petrol,Automatic,Sindh,Sparkling Silver,Local,1000 cc,Hatchback,"Nov 19, 2025",10719591,2800000.0,38000,1000.0
Honda Civic  2017 Oriel 1.8 i-VTEC CVT for Sale,2017,Petrol,Automatic,Karachi,Silver,Local,1800 cc,Sedan,"Nov 19, 2025",10449874,4570000.0,75000,1800.0
Suzuki Cultus  2022 Auto Gear Shift for Sale,2022,Petrol,Automatic,Karachi,White,Local,1000 cc,Hatchback,"Nov 19, 2025",10815629,3375000.0,86000,1000.0
Suzuki Mehran  2011 VX for Sale,2011,Petrol,Manual,Karachi,Snow White Pearl,Local,800 cc,Hatchback,"Nov 19, 2025",10492303,670000.0,96000,800.0
Suzuki Cultus  2021 Auto Gear Shift for Sale,2021,Petrol,Automatic,Sindh,White,Local,1000 cc,Hatchback,"Nov 19, 2025",10846969,3500000.0,60000,1000.0
Toyota Yaris Sedan  2021 ATIV X CVT 1.5 for Sale,2021,Petrol,Automatic,Karachi,Silver Metallic,Local,1500 cc,Sedan,"Nov 19, 2025",10791406,4200000.0,61896,1500.0
Suzuki Wagon R  2022  for Sale,2022,Hybrid,Automatic,Un-Registered,Black,Imported,660 cc,N/A,"Nov 19, 2025",10846258,3950000.0,15007,660.0
Daihatsu Cast  2022  for Sale,2022,Petrol,Automatic,Un-Registered,Brown,Imported,660 cc,N/A,"Nov 19, 2025",10846272,3950000.0,35545,660.0
Daihatsu Rocky  2025  for Sale,2025,Petrol,Automatic,Un-Registered,White,Imported,1000 cc,N/A,"Nov 19, 2025",10846961,6000000.0,72000,1000.0
Toyota Corolla Axio  2016 Hybrid 1.5 for Sale,2016,Hybrid,Automatic,Karachi,Silver Metallic,Imported,1500 cc,Sedan,"Nov 19, 2025",10846861,4875000.0,89000,1500.0
Audi A3  2018 1.2 TFSI Standard for Sale,2018,Petrol,Automatic,Sindh,Black,Imported,1200 cc,Sedan,"Nov 19, 2025",10608337,7200000.0,53000,1200.0
Honda Civic  2011 VTi Oriel Prosmatec 1.8 i-VTEC for Sale,2011,Petrol,Automatic,Karachi,Black,Local,1800 cc,Sedan,"Nov 19, 2025",10818450,2500000.0,168000,1800.0
Toyota Corolla  2002 SE Saloon Automatic for Sale,2002,Petrol,Automatic,Sindh,Olive Green,Local,1600 cc,Sedan,"Nov 19, 2025",10678281,2100000.0,116000,1600.0
Toyota Corolla Axio  2018 G for Sale,2018,Petrol,Automatic,Sindh,Brown,Imported,1500 cc,Sedan,"Nov 19, 2025",10841018,5200000.0,74000,1500.0
Toyota Hilux  2022 Revo GR Sport for Sale,2022,Diesel,Automatic,Un-Registered,Super White,Imported,2400 cc,Double Cabin,"Nov 19, 2025",10846930,1.0,19500,2400.0
Honda Civic  2016 Oriel 1.8 i-VTEC CVT for Sale,2016,Petrol,Automatic,Karachi,Lunar Silver Metallic,Local,1800 cc,Sedan,"Nov 19, 2025",10666443,4325000.0,160894,1800.0
Daihatsu Mira  2006  for Sale,2006,Petrol,Automatic,Sindh,White,Local,660 cc,N/A,"Nov 19, 2025",10846944,1250000.0,50000,660.0
Suzuki Every 6th Generation (Imported) 2020 PC for Sale,2020,Petrol,Manual,Un-Registered,Pearl White,Imported,660 cc,Micro Van,"Nov 19, 2025",10846529,2800000.0,97000,660.0
Daihatsu Hijet  2010  for Sale,2010,Petrol,Automatic,Karachi,White,Imported,660 cc,N/A,"Nov 19, 2025",10846926,1350000.0,100000,660.0
Hyundai Santro  2000 Plus for Sale,2000,Petrol,Manual,Sindh,White,Local,1000 cc,Hatchback,"Nov 19, 2025",10846927,770000.0,187000,1000.0
Suzuki Swift  2012 DX 1.3 for Sale,2012,Petrol,Manual,Karachi,Smoky Green,Local,1300 cc,Hatchback,"Nov 19, 2025",10846695,1750000.0,101280,1300.0
Suzuki Alto  2023 VXR for Sale,2023,Petrol,Manual,Karachi,Solid White,Local,660 cc,Hatchback,"Nov 19, 2025",10846917,2575000.0,16000,660.0
Honda City 5th (GM2) Generation 2013 Aspire 1.5 i-VTEC for Sale,2013,Petrol,Manual,Karachi,Lunar Silver Metallic,Local,1500 cc,Sedan,"Nov 19, 2025",10846770,2850000.0,82000,1500.0
Toyota Prado 3rd (J120) Generation 2004 TZ 3.4 for Sale,2004,Petrol,Automatic,Karachi,Grey,Imported,3400 cc,SUV,"Nov 19, 2025",10758844,8500000.0,190522,3400.0
Honda Civic  2020 Oriel 1.8 i-VTEC CVT for Sale,2020,Petrol,Automatic,Sindh,Taffeta White,Local,1800 cc,Sedan,"Nov 19, 2025",10590467,5850000.0,41000,1800.0
Toyota Prado 3rd (J120) Generation 2006 TX Limited 2.7 for Sale,2006,Petrol,Automatic,Sindh,Crystal Pearl,Imported,2700 cc,SUV,"Nov 19, 2025",10705744,8050000.0,190000,2700.0
Toyota Hilux  2023 Revo V Automatic 2.8 for Sale,2023,Diesel,Automatic,Sindh,Super White,Local,2800 cc,Double Cabin,"Nov 19, 2025",10652198,1.0,40000,2800.0
Toyota Hilux  2022 Revo Rocco for Sale,2022,Diesel,Automatic,Sindh,Attitude Black,Local,2800 cc,Pick Up,"Nov 19, 2025",10631390,1.0,52000,2800.0
Toyota Passo  2021 Moda G for Sale,2021,Petrol,Automatic,Sindh,White,Imported,1000 cc,Hatchback,"Nov 19, 2025",10829047,4430000.0,42000,1000.0
Ford F 150  2017 Raptor 5.0L for Sale,2017,Petrol,Automatic,Punjab,Ingot Silver,Imported,5000 cc,Double Cabin,"Nov 19, 2025",10816727,1.0,74000,5000.0
Toyota Aqua  2015 S for Sale,2015,Hybrid,Automatic,Karachi,Silver metallic,Imported,1500 cc,Hatchback,"Nov 19, 2025",10776934,3600000.0,114000,1500.0
Hyundai Tucson  2021 AWD A/T Ultimate for Sale,2021,Petrol,Automatic,Sindh,Black,Local,2000 cc,SUV,"Nov 19, 2025",10846636,7250000.0,22000,2000.0
Suzuki Jimny  2018  for Sale,2018,Petrol,Automatic,Sindh,Beige,Imported,660 cc,N/A,"Nov 19, 2025",10846622,4500000.0,28555,660.0
Nissan Dayz  2014 Highway Star G for Sale,2014,Petrol,Automatic,Sindh,Black,Imported,660 cc,Hatchback,"Nov 19, 2025",10846908,2130000.0,82000,660.0
Nissan Dayz  2018 Bolero J for Sale,2018,Petrol,Automatic,Sindh,Silver Chalice,Imported,660 cc,Hatchback,"Nov 19, 2025",10846896,2500000.0,85000,660.0
Proton Saga  2022 1.3L Standard A/T for Sale,2022,Petrol,Automatic,Karachi,Ruby Red,Local,1299 cc,Sedan,"Nov 19, 2025",10698054,2800000.0,23199,1299.0
Suzuki Alto  2015  for Sale,2015,Petrol,Automatic,Sindh,Blue,Imported,660 cc,N/A,"Nov 19, 2025",10846890,2300000.0,75000,660.0
Toyota Estima  2003 G for Sale,2003,Petrol,Automatic,Karachi,White,Imported,2700 cc,Van,"Nov 19, 2025",9582935,3250000.0,91000,2700.0
Suzuki Bolan  2010 VX for Sale,2010,Petrol,Manual,Karachi,Solid White,Local,800 cc,Mini Van,"Nov 19, 2025",10846881,700000.0,95000,800.0
Hyundai Elantra  2025 2.0 Limited Edition (Cappuccino Interior) for Sale,2025,Petrol,Automatic,Karachi,White,Local,2000 cc,Sedan,"Nov 19, 2025",10846865,7286000.0,73,2000.0
Toyota Land Cruiser  2008 AX G Selection for Sale,2008,Petrol,Automatic,Karachi,Black,Imported,4600 cc,SUV,"Nov 19, 2025",10846744,2.0,84000,4600.0
Toyota Raize  2021 Hybrid Z for Sale,2021,Hybrid,Automatic,Un-Registered,Black,Imported,1200 cc,Crossover,"Nov 19, 2025",10846860,7450000.0,25500,1200.0
Daihatsu Mira  2014 L for Sale,2014,Petrol,Automatic,Sindh,Black Mica Metallic,Imported,660 cc,Hatchback,"Nov 19, 2025",10846855,2450000.0,150,660.0
Toyota Noah  2014 G for Sale,2014,Hybrid,Automatic,Karachi,Silver Metallic,Imported,1800 cc,MPV,"Nov 19, 2025",10846838,5350000.0,150000,1800.0
Honda Cross Road  2007  for Sale,2007,Petrol,Automatic,Karachi,Black,Imported,1800 cc,N/A,"Nov 19, 2025",10846822,3500000.0,117000,1800.0
Nissan Kicks  2020  for Sale,2020,Petrol,Automatic,Un-Registered,White,Imported,1300 cc,N/A,"Nov 19, 2025",10801104,5800000.0,54000,1300.0
Toyota Aqua  2021 S for Sale,2021,Hybrid,Automatic,Karachi,Grey,Imported,1500 cc,Hatchback,"Nov 19, 2025",10819310,6300000.0,72000,1500.0
Honda Airwave  2007 ST for Sale,2007,Petrol,Automatic,Sindh,Premium White Pearl,Imported,1500 cc,Station Wagon,"Nov 19, 2025",10846818,2000000.0,14,1500.0
Nissan Dayz  2015 Bolero J for Sale,2015,Petrol,Automatic,Sindh,Silver Chalice,Imported,660 cc,Hatchback,"Nov 19, 2025",10846812,2350000.0,85000,660.0
Hyundai Elantra  2024 GLS for Sale,2024,Petrol,Automatic,Sindh,Black Diamond,Local,2000 cc,Sedan,"Nov 19, 2025",10846799,6500000.0,28313,2000.0
Suzuki Khyber  1998 GA for Sale,1998,Petrol,Manual,Karachi,White,Local,1000 cc,Hatchback,"Nov 19, 2025",10846804,270000.0,100000,1000.0
KIA Picanto  2022 1.0 AT for Sale,2022,Petrol,Automatic,Sindh,Blue,Local,1000 cc,Hatchback,"Nov 19, 2025",10846772,2950000.0,58000,1000.0
Nissan Serena  2019 e-POWER Highway Star for Sale,2019,Hybrid,Automatic,Un-Registered,White,Imported,1200 cc,Van,"Nov 19, 2025",10349686,6700000.0,94000,1200.0
Suzuki Alto  2019 VXR AGS for Sale,2019,Petrol,Automatic,Sindh,White,Local,660 cc,Hatchback,"Nov 19, 2025",10846792,2440000.0,58000,660.0
Toyota Corolla Axio  2014 Hybrid 1.5 for Sale,2014,Hybrid,Automatic,Karachi,Black,Imported,1500 cc,Sedan,"Nov 19, 2025",10761189,3875000.0,89000,1500.0
Toyota Vitz  2019 1.0F Safety Edition III for Sale,2019,Petrol,Automatic,Karachi,Red,Imported,1000 cc,Hatchback,"Nov 19, 2025",10780889,4350000.0,18585,1000.0
Nissan Serena  2019 e-POWER Highway Star for Sale,2019,Hybrid,Automatic,Karachi,Burgundy,Imported,1200 cc,Van,"Nov 19, 2025",10761582,6400000.0,160500,1200.0
Honda N Wgn  2016 G for Sale,2016,Petrol,Automatic,Karachi,Black,Imported,660 cc,Hatchback,"Nov 19, 2025",10771711,2800000.0,78581,660.0
